<?xml version="1.0" encoding="UTF-8"?>
<project-private xmlns="http://www.netbeans.org/ns/project-private/1">
    <editor-bookmarks xmlns="http://www.netbeans.org/ns/editor-bookmarks/2" lastBookmarkId="0"/>
    <open-files xmlns="http://www.netbeans.org/ns/projectui-open-files/2">
        <group>
            <file>file:/C:/Users/User/Desktop/All%20Test/DSA%20Test/Donee/src/adt/SortedLinkedList.java</file>
            <file>file:/C:/Users/User/Desktop/All%20Test/DSA%20Test/Donee/src/module/DoneeManagement.java</file>
            <file>file:/C:/Users/User/Desktop/All%20Test/DSA%20Test/Donee/src/adt/DoneeInterface.java</file>
            <file>file:/C:/Users/User/Desktop/All%20Test/DSA%20Test/Donee/src/adt/DoneeList.java</file>
        </group>
    </open-files>
</project-private>
